cid,sid,instructor,cname,department,Date,location,credit
ELEN E1201,1,D. Vallancourt,Intro to Electrical Engineering,Electrical Engineering,Spring 2022,,3
ELEN E3082,1,K. Shepard,Digital Systems Laboratory,Electrical Engineering,Spring 2022,,1
ELEN E3082,2,K. Shepard,Digital Systems Laboratory,Electrical Engineering,Spring 2022,,1
ELEN E3082,3,K. Shepard,Digital Systems Laboratory,Electrical Engineering,Spring 2022,,1
ELEN E3082,4,K. Shepard,Digital Systems Laboratory,Electrical Engineering,Spring 2022,,1
ELEN E3083,1,D. Vallancourt,Electronic Circuits Laboratory,Electrical Engineering,Spring 2022,,1
ELEN E3083,2,D. Vallancourt,Electronic Circuits Laboratory,Electrical Engineering,Spring 2022,,1
ELEN E3083,3,D. Vallancourt,Electronic Circuits Laboratory,Electrical Engineering,Spring 2022,,1
ELEN E3331,1,C. Zukowski,Electronic Circuits,Electrical Engineering,Spring 2022,,3
ELEN E3390,1,D. Vallancourt,Electronic Circuits Design Lab,Electrical Engineering,Spring 2022,,3
ELEN E3401,1,K. Bergman,Electromagnetics,Electrical Engineering,Spring 2022,,3
ELEN E3701,1,I. Kalet,Intro to Communication Systems,Electrical Engineering,Spring 2022,,3
CSEE W3827,1,D. Rubenstein,Fundamentals of Computer Systems,Electrical Engineering,Spring 2022,,3
CSEE W3827,2,D. Rubenstein,Fundamentals of Computer Systems,Electrical Engineering,Spring 2022,,3
CSEE W3827,3,D. Rubenstein,Fundamentals of Computer Systems,Electrical Engineering,Spring 2022,,3
ECBM E4070,1,A. Lazar,Computing with Brain Circuits of Model Organisms,Electrical Engineering,Spring 2022,,3
CSEE W4119,1,G. Zussman,Computer Networks,Electrical Engineering,Spring 2022,,3
CSEE W4119,2,H. Schulzrinne,Computer Networks,Electrical Engineering,Spring 2022,,3
CSEE W4121,2,S. Sahu,Computing Systems for Data Science,Electrical Engineering,Spring 2022,,3
CSEE W4121,3,A. Cidon,Computing Systems for Data Science,Electrical Engineering,Spring 2022,,3
ELEN E4314,1,D. Vallancourt,Communication Circuits,Electrical Engineering,Spring 2022,,3
EEME E4601,1,R. Longman,Digital Control Systems,Electrical Engineering,Spring 2022,,3
ELEN E4702,1,A. Ashikhmin,Digital Communications,Electrical Engineering,Spring 2022,,3
ELEN E4815,1,I. Kalet,Random Signals and Noise,Electrical Engineering,Spring 2022,,3
ELEN E4830,1,C. Hendon,Digital Image Processing,Electrical Engineering,Spring 2022,,3
CSEE W4840,1,S. Edwards,Embedded Systems,Electrical Engineering,Spring 2022,,3
ELEN E4902,1,M. A. Omidiora,Topics in Electrical and Computer Engineering. TPC: Electric Machines,Electrical Engineering,Spring 2022,,3
CSEE W6180,1,V. Misra,Modeling & Performance Evaluation,Electrical Engineering,Spring 2022,,3
ELEN E6312,1,H. Krishnaswamy,Adv Analog Integrated Circuits,Electrical Engineering,Spring 2022,,3
ELEN E6316,1,T. Dickson,Analog-digital Interfaces in VLSI,Electrical Engineering,Spring 2022,,3
ELEN E6318,1,Y. Baeyens,Microwave Circuit Design,Electrical Engineering,Spring 2022,,3
EECS E6321,1,M. Seok,Advanced Digital Electronic Circuits,Electrical Engineering,Spring 2022,,3
ELEN E6331,1,W. Wang,Principles of Semiconductor Physics,Electrical Engineering,Spring 2022,,3
ELEN E6350,1,P. Kinget,VLSI Design Lab,Electrical Engineering,Spring 2022,,3
ELEN E6412,1,A. Meng,Lightwave Systems,Electrical Engineering,Spring 2022,,3
ELEN E6414,1,M. Lipson,Photonic Integrated Circuits,Electrical Engineering,Spring 2022,,3
EEME E6602,1,J. Anderson,Modern Control Theory,Electrical Engineering,Spring 2022,,3
EEOR E6616,1,C. Josz,Convex Optimization,Electrical Engineering,Spring 2022,,3
EECS E6691,1,Z. Kostic,Topics in Data-driven Analysis and Computation. TPC: Advanced Deep Learning,Electrical Engineering,Spring 2022,,3
EECS E6692,1,Z. Kostic,Topics in Data-driven Analysis and Computation. TPC: Deep Learning on the Edge,Electrical Engineering,Spring 2022,,3
EECS E6699,1,P. Jelenkovic,Topics in Data-driven Analysis and Computation. TPC: Mathematics of Deep Learning,Electrical Engineering,Spring 2022,,3
ELEN E6767,1,D. Mitra,"Internet Economics, Engineering & the Implications for Society",Electrical Engineering,Spring 2022,,3
ELEN E6771,1,D. Calin,Topics in Networking. TPC: 5G Programmable Networks,Electrical Engineering,Spring 2022,,3
CSEE E6868,1,L. Carloni,Embedded Scalable Platforms,Electrical Engineering,Spring 2022,,3
ELEN E6876,1,J. Wright,Sparse and Low-Dimensional Models for High-Dimensional Data,Electrical Engineering,Spring 2022,,3
ELEN E6883,1,C. Li,Topics in Signal Processing. TPC: An Introduction to Blockchain Technology,Electrical Engineering,Spring 2022,,3
ELEN E6889,1,D. Turaga,Topics in Signal Processing. TPC: Large-Scale Stream Processing,Electrical Engineering,Spring 2022,,3
EECS E6892,1,J. Ghaderi,Topics in Information Processing. TPC: Reinforcement Learning in Information Systems,Electrical Engineering,Spring 2022,,3
EECS E6895,1,C.-Y. Lin,Topics in Information Processing. TPC: Advanced Big Data and Artificial Intelligence,Electrical Engineering,Spring 2022,,3
ELEN E6901,1,S. Suresh,"Topics in Information Processing. TPC: Technologies, Market, Governance & Operations of Smart Grid",Electrical Engineering,Spring 2022,,3
ELEN E6904,1,T. Haque,Topics in Information Processing. TPC: Transceiver Architectures for xG Wireless Communications,Electrical Engineering,Spring 2022,,3
ELEN E6908,1,F. Jiang,Topics in Electrical and Computer Engineering. TPC: Embedded AI,Electrical Engineering,Spring 2022,,3
ELEN E6909,1,M. Priendl,Topics in Electrical and Computer Engineering. TPC: Motor Drive Systems,Electrical Engineering,Spring 2022,,3
ELEN E6945,1,D. Khodagholy,Device Nanofabrication,Electrical Engineering,Spring 2022,,3
EECS E9601,1,J. Paisley,Seminar in Data-Driven Analysis and Computation. TPC: Advanced Probabilistic Machine Learning,Electrical Engineering,Spring 2022,,3
ELEN E1101,1,D. Vallancourt,The Digital Information Age,Electrical Engineering,Fall 2021,,3
ELEN E1201,1,D. Vallancourt,Intro to Electrical Engineering,Electrical Engineering,Fall 2021,,3
ELEN E3043,1,W. Wang ,"Solid State, Microwave, Fiber Optics Lab",Electrical Engineering,Fall 2021,,3
ELEN E3081,1,C. Zukowski,Circuit Analysis Laboratory,Electrical Engineering,Fall 2021,,1
ELEN E3081,2,C. Zukowski,Circuit Analysis Laboratory,Electrical Engineering,Fall 2021,,1
ELEN E3081,3,C. Zukowski,Circuit Analysis Laboratory,Electrical Engineering,Fall 2021,,1
ELEN E3084,1,X. Wang ,Signals & Systems Laboratory,Electrical Engineering,Fall 2021,,1
ELEN E3084,2,X. Wang ,Signals & Systems Laboratory,Electrical Engineering,Fall 2021,,1
ELEN E3084,3,X. Wang ,Signals & Systems Laboratory,Electrical Engineering,Fall 2021,,1
ELEN E3106,1,J. Kymissis,Solid State Devices & Materials,Electrical Engineering,Fall 2021,,3
ELEN E3201,1,C. Zukowski,Circuit Analysis,Electrical Engineering,Fall 2021,,3
ELEN E3399,1,D. Vallancourt,Elen Eng Practice,Electrical Engineering,Fall 2021,,3
EEME E3601,1,R. Longman,Classical Control Systems,Electrical Engineering,Fall 2021,,3
ELEN E3801,1,X. Wang ,Signals & Systems,Electrical Engineering,Fall 2021,,3.5
CSEE W3827,1,M. Kim,Fundamentals of Computer Systems,Electrical Engineering,Fall 2021,,3
CSEE W3827,2,M. Kim,Fundamentals of Computer Systems,Electrical Engineering,Fall 2021,,3
BMEB W4020,1,A. Lazar,Comp Neuro: Circuits in the Brain,Electrical Engineering,Fall 2021,,3
BMEE E4030,1,Q. Wang,Neural Control Engineering,Electrical Engineering,Fall 2021,,3
ECBM E4040,1,Z. Kostic  ,Neural Networks and Deep Learning,Electrical Engineering,Fall 2021,,3
ECBM E4060,1,W.Y.-Chen,Intro to Genomic Info Sci & Tech,Electrical Engineering,Fall 2021,,3
ECBM E4090,1,N. Mesgarani,Brain Computer Interfaces Lab,Electrical Engineering,Fall 2021,,3
ELEN E4106,1,J. Kymissis,Advanced Solid State Devices & Materials,Electrical Engineering,Fall 2021,,3
CSEE W4119,1,V. Misra,Computer Networks,Electrical Engineering,Fall 2021,,3
ELEN E4215,1,T. Dickson,Analog Filter Synthesis and Design,Electrical Engineering,Fall 2021,,3
ELEN E4312,1,P. Kinget,Analog Electric Circuits,Electrical Engineering,Fall 2021,,3
EECS E4321,1,K. Shepard,Digital VLSI Circuits,Electrical Engineering,Fall 2021,,3
ELEN E4361,1,M. Preindl  ,Power Electronics,Electrical Engineering,Fall 2021,,3
ELEN E4411,1,M. Lipson,Fundamentals of Photonics,Electrical Engineering,Fall 2021,,3
ELEN E4488,1,C. Hendon ,Optical Systems,Electrical Engineering,Fall 2021,,3
ELEN E4511,1,D. Sciano,Power Systems Analysis,Electrical Engineering,Fall 2021,,3
ELEN E4720,1,J. Paisley,"Machine Learning For Signals, Information and Data",Electrical Engineering,Fall 2021,,3
EECS E4750,1,Z. Kostic,Heterogeneous Computing for Signal and Data Processing,Electrical Engineering,Fall 2021,,3
EECS E4764,1,X. Jiang,Internet of Things - Intelligent and Connected Systems,Electrical Engineering,Fall 2021,,3
ELEN E4810,1,J. Wright,Digital Signal Processing,Electrical Engineering,Fall 2021,,3
CSEE W4823,1,M. Seok ,Advanced Logic Design,Electrical Engineering,Fall 2021,,3
CSEE W4824,1,S. Sethumadhavan,Computer Architecture,Electrical Engineering,Fall 2021,,3
CSEE W4868,1,L. Carloni,System-On-Chip Platforms,Electrical Engineering,Fall 2021,,3
ELEN E4901,1,V. Fthenakis,Topics in Electrical and Computer Engineering. TPC: Photovoltaic Systems Engineering and Sustainability,Electrical Engineering,Fall 2021,,3
ELEN E4944,1,J. Trevino,Principles of Device Microfabrication,Electrical Engineering,Fall 2021,,3
EEBM E6091,1,D. Khodagholy ,Topics in Computational Neuroscience and Neuroengineering. TPC: Devices and Analysis for Neural Circuits,Electrical Engineering,Fall 2021,,3
ELEN E6320,1,H. Krishnaswamy,Millimeter-wave IC design,Electrical Engineering,Fall 2021,,3
ELEN E6324,1,S. Shahramian,RF/Microwave Measurement,Electrical Engineering,Fall 2021,,3
ELEN E6333,1,A. Meng,Semiconductor Device Physics,Electrical Engineering,Fall 2021,,3
ELEN E6488,1,K. Bergman,Optical Interconnects,Electrical Engineering,Fall 2021,,3
EEME E6601,1,R. Longman,Intro To Control Theory,Electrical Engineering,Fall 2021,,3
EECS E6690,1,P. Jelenkovic,Topics in Data-driven Analysis and Computation. TPC: Statistical Learning in Biological & Information Systems,Electrical Engineering,Fall 2021,,3
ELEN E6713,1,J. Sharony,Topics in Communication. mmWave and Applications for 5G,Electrical Engineering,Fall 2021,,3
ELEN E6761,1,J. Ghaderi,Computer Communication Networks,Electrical Engineering,Fall 2021,,3
ELEN E6767,1,D. Mitra,"Internet Econ, Eng & Society",Electrical Engineering,Fall 2021,,3
ELEN E6770,1,K. Sabnani/T.Woo,Topics in Networking. TPC: Network Virtualization and Cloud Computing,Electrical Engineering,Fall 2021,,3
CSEE E6863,1,M. Theobald/F. Ivancic,Formal Verif HW SW Systems,Electrical Engineering,Fall 2021,,3
ELEN E6885,1,C. Li/ L. Zhang,Topics in Signal Processing. TPC: Reinforcement Learning,Electrical Engineering,Fall 2021,,3
EECS E6893,1,C.Y. Lin,Topics in Information Processing. TPC: Big Data Analytics,Electrical Engineering,Fall 2021,,3
EECS E6890,1,E. Katz-Bassett,Topics in Information Processing. TPC: Advanced Computer Networking,Electrical Engineering,Fall 2021,,3
EECS E6896,1,A. Ashikhmin,Topics in Information Processing. TPC: Quantum Computing and Communication,Electrical Engineering,Fall 2021,,3
EECS E6897,1,A. Cidon,Topics in Information Processing. TPC: Distributed Storage Systems,Electrical Engineering,Fall 2021,,3
ELEN E6920,1,X. Zhang,Topics in VLSI Systems Design.TPC:Modern Power Management Integrated Circuits,Electrical Engineering,Fall 2021,,3
COMS W 4172,1,"Feiner, Steven K",3D User Interfaces and Augmented Reality,Computer Science,Spring 2022,,3
COMS E 6998,1,"Hirschberg, Julia B.",Adv Spoken Language Proce,Computer Science,Spring 2022,,3
COMS E 6998,7,"Belhumeur, Peter N",Adv Topics Proj Deep Lear,Computer Science,Spring 2022,,3
COMS W 4232,1,"Andoni, Alexandr",Advanced Algorithms,Computer Science,Spring 2022,,3
COMS E 6111,1,"Gravano, Luis",Advanced Database Systems,Computer Science,Spring 2022,,3
COMS W 3157,1,"Lee, Jae Woo",Advanced Programming,Computer Science,Spring 2022,,3
COMS E 6998,2,"Ray, Baishakhi",Ai For Software Engineeri,Computer Science,Spring 2022,,3
CSOR W 4231,1,"Drinea, Eleni",Analysis of Algorithms I,Computer Science,Spring 2022,,3
CSOR W 4231,2,"Chen, Xi",Analysis of Algorithms I,Computer Science,Spring 2022,,3
COMS W 4995,20,"Pappu, Vijay",Applied Machine Learning,Computer Science,Spring 2022,,3
COMS W 4701,2,"Dear, Tony",Artificial Intelligence,Computer Science,Spring 2022,,3
COMS W 4995,3,"Bareinboim, Elias",Causal Inference Ii,Computer Science,Spring 2022,,3
COMS E 6998,8,"Sahu, Sambit",Cloud Computing & Big Dat,Computer Science,Spring 2022,,3
COMS E 6998,4,"Pitassi, Toniann",Communication Complexity,Computer Science,Spring 2022,,3
COMS W 4733,1,"Song, Shuran",Computational Aspects of Robotics,Computer Science,Spring 2022,,3
CBMF W 4761,1,"Pe'er, Itsik G",Computational Genomics,Computer Science,Spring 2022,,3
COMS W 3251,1,"Dear, Tony",Computational Linear Algebra,Computer Science,Spring 2022,,3
CSEE 4119,2,"Schulzrinne, Henning G",Computer Network,Computer Science,Spring 2022,,3
CSEE W 4119,1,"Zussman, Gil",Computer Networks,Computer Science,Spring 2022,,3
CSEE W 4119,2,"Schulzrinne, Henning G",Computer Networks,Computer Science,Spring 2022,,3
COMS S 3261,1,"Yannakakis, Mihalis",Computer Science Theory,Computer Science,Spring 2022,,3
CSEE W 4121,2,"Sahu, Sambit",Computer Systems for Data Science,Computer Science,Spring 2022,,3
CSEE W 4121,3,"Cidon, Asaf",Computer Systems for Data Science,Computer Science,Spring 2022,,3
COMS W 4732,1,"Vondrick, Carl",Computer Vision II: Learning,Computer Science,Spring 2022,,3
COMS W 3134,1,"Blaer, Paul S",Data Structures in Java,Computer Science,Spring 2022,,3
COMS W 4112,1,"Ross, Kenneth A",Database System Implementation,Computer Science,Spring 2022,,3
COMS W 4995,12,"Drori, Iddo",Deep Learning,Computer Science,Spring 2022,,3
COMS W 4995,5,"Stroustrup, Bjarne",Design Using C++,Computer Science,Spring 2022,,3
COMS W 3203,1,"Salleb-Aouissi, Ansaf",Discrete Mathematics: Introduction To Combinatorics and Graph Theory,Computer Science,Spring 2022,,3
CSEE E 6868,1,"Carloni, Luca",Embedded Scalable Platforms,Computer Science,Spring 2022,,3
CSEE W 4840,1,"Edwards, Stephen A.",Embedded System Design,Computer Science,Spring 2022,,3
COMS W 4995,13,"Levine, Michelle F",Empirical Methods Data Sc,Computer Science,Spring 2022,,3
COMS E 6998,3,"Beigi, Homayoon",Fund Speech Recognition,Computer Science,Spring 2022,,3
CSEE W 3827,1,"Rubenstein, Dan",Fundamentals of Computer Systems,Computer Science,Spring 2022,,3
COMS W 4113,1,"Geambasu, Roxana",Fundamentals of Large-Scale Distributed Systems,Computer Science,Spring 2022,,3
COMS W 4995,4,"Blumberg, Andrew",Geometric Data Analysis,Computer Science,Spring 2022,,3
COMS E 6424,1,"Sethumadhavan, Simha",Hardware Security,Computer Science,Spring 2022,,3
COMS W 3137,1,"Bauer, Daniel",Honors Data Structures and Algorithms,Computer Science,Spring 2022,,4
COMS E 6178,1,"Smith, Brian A",Human-Computer Interaction,Computer Science,Spring 2022,,3
ENGI E 1006,1,"Paine, Timothy",Intro To Comp For Eng/app,Computer Science,Spring 2022,,3
COMS W 4995,11,"Swinehart, Christian",Intro to Data Visualization,Computer Science,Spring 2022,,3
COMS W 4995,7,"Chaintreau, Augustin",Intro To Networks And Cro,Computer Science,Spring 2022,,3
COMS W 4236,1,"Servedio, Rocco A.",Introduction To Computational Complexity,Computer Science,Spring 2022,,3
COMS W 1004,2,"Cannon, Adam H",Introduction To Computer Science And Programming In Java,Computer Science,Spring 2022,,3
COMS W 1004,1,"Cannon, Adam H",Introduction To Computer Science And Programming In Java,Computer Science,Spring 2022,,3
COMS W 4261,1,"Malkin, Tal G",Introduction To Cryptography,Computer Science,Spring 2022,,3
COMS W 4111,1,"Wu, Eugene",Introduction to Databases,Computer Science,Spring 2022,,3
COMS W 4111,2,"Ferguson, Donald F.",Introduction to Databases,Computer Science,Spring 2022,,3
COMS W 4111,3,"Biliris, Alexandros",Introduction to Databases,Computer Science,Spring 2022,,3
COMS W 4771,1,"Verma, Nakul",Machine Learning,Computer Science,Spring 2022,,3
COMS E 6998,10,"Kucukelbir, Alp",Machine Learning &climate,Computer Science,Spring 2022,,3
COMS W 4721,1,"Hsu, Daniel J",Machine Learning for Data Science,Computer Science,Spring 2022,,3
COMS E 4762,1,"Knowles, David",Machine Learning for Functional Genomics,Computer Science,Spring 2022,,3
CSEE E 6180,1,"Misra, Vishal",Modeling and performance evaluation,Computer Science,Spring 2022,,3
COMS W 4995,10,"Papadimitriou, Christos H",Nat Art Neural Networks L,Computer Science,Spring 2022,,3
COMS W 4995,9,"Papadimitriou, Christos H",NATUR ARTIFIC NEURAL NETWORKS,Computer Science,Spring 2022,,3
COMS W 4705,1,"Yu, Zhou",Natural Language Processing,Computer Science,Spring 2022,,3
COMS W 4705,2,"Benajiba, Yassine",Natural Language Processing,Computer Science,Spring 2022,,3
COMS W 4118,1,"Lee, Jae Woo","Operating Systems, I",Computer Science,Spring 2022,,3
COMS E 6998,9,"Dube, Parijat",Pract Deep Learning Sys P,Computer Science,Spring 2022,,3
COMS W 4115,1,"Gu, Ronghui",Programming Languages and Translators,Computer Science,Spring 2022,,3
COMS E 6998,12,"Horesh, Lior",Quantum Computing Thry Pract,Computer Science,Spring 2022,,3
COMS W 4182,1,"Bellovin, Steven M.",Security II,Computer Science,Spring 2022,,3
COMS E 6998,5,"Zemel, Richard",Self Supervised Learning,Computer Science,Spring 2022,,3
COMS W 4995,1,"Bauer, Daniel",Semantic Representations,Computer Science,Spring 2022,,3
COMS E 6998,6,"Yuen, Henry","Topics In Computer Science, I",Computer Science,Spring 2022,,3
COMS E 6156,1,"Kaiser, Gail E",Topics in Software Engineering,Computer Science,Spring 2022,,3
COMS W 4995,2,"Pe'er, Itsik G",Ubiquitous Sequencing,Computer Science,Spring 2022,,3
COMS W 4170,1,"Chilton, Lydia B",User Interface Design,Computer Science,Spring 2022,,3
COMS E 6998,2,"Chilton, Lydia B",Adv Web Design Studio,Computer Science,Fall 2021,,3
COMS W 3157,1,"Lee, Jae Woo",Advanced Programming,Computer Science,Fall 2021,,3
COMS W 4156,1,"Kaiser, Gail E",Advanced Software Engineering,Computer Science,Fall 2021,,3
COMS E 6998,15,"Alman, Josh",Algebraic Techniques In T,Computer Science,Fall 2021,,3
CSOR W 4246,1,"Drinea, Eleni",ALGORITHMS FOR DATA SCIENCE,Computer Science,Fall 2021,,3
CSOR W 4231,1,"Yannakakis, Mihalis",Analysis of Algorithms I,Computer Science,Fall 2021,,3
CSOR W 4231,2,"Andoni, Alexandr",Analysis of Algorithms I,Computer Science,Fall 2021,,3
COMS W 4167,1,"Zheng, Changxi",Animation,Computer Science,Fall 2021,,3
COMS W 4995,11,"Pappu, Vijay",Applied Machine Learning,Computer Science,Fall 2021,,3
COMS W 4701,1,"Salleb-Aouissi, Ansaf",Artificial Intelligence,Computer Science,Fall 2021,,3
COMS W 4775,1,"Bareinboim, Elias",Causal Inference,Computer Science,Fall 2021,,3
COMS W 3107,1,"Kender, John R",Clean Object-Oriented Design,Computer Science,Fall 2021,,3
COMS E 6998,13,"Sahu, Sambit",Cloud Computing & Big Dat,Computer Science,Fall 2021,,3
COMS E 6998,9,"Papadimitriou, Christos H",Computation And The Brain,Computer Science,Fall 2021,,3
COMS W 4733,1,"Dear, Tony",Computational Aspects of Robotics,Computer Science,Fall 2021,,3
COMS W 3251,1,"Dear, Tony",Computational Linear Algebra,Computer Science,Fall 2021,,3
CSEE W 4824,1,"Sethumadhavan, Simha",Computer Architecture,Computer Science,Fall 2021,,3
CSEE W 4119,3,"Misra, Vishal",Computer Networks,Computer Science,Fall 2021,,3
COMS S 3261,1,"Chen, Xi",Computer Science Theory,Computer Science,Fall 2021,,3
COMS W 3261,1,"Chen, Xi",Computer Science Theory,Computer Science,Fall 2021,,3
COMS W 4731,1,"Nayar, Shree K",Computer Vision,Computer Science,Fall 2021,,3
COMS W 3410,1,"Bellovin, Steven M.",Computers and Society,Computer Science,Fall 2021,,3
COMS W 1002,1,"Cannon, Adam H",Computing in Context,Computer Science,Fall 2021,,3
COMS W 3134,1,"Bauer, Daniel",Data Structures in Java,Computer Science,Fall 2021,,3
COMS W 4995,6,"Belhumeur, Peter N",Deep Lrng For Comp Vision,Computer Science,Fall 2021,,3
COMS W 3203,2,"Moretti, Antonio K",Discrete Mathematics: Introduction To Combinatorics and Graph Theory,Computer Science,Fall 2021,,3
COMS W 3203,1,"Liu, Yining",Discrete Mathematics: Introduction To Combinatorics and Graph Theory,Computer Science,Fall 2021,,3
COMS W 3203,3,"Rubenstein, Dan",Discrete Mathematics: Introduction To Combinatorics and Graph Theory,Computer Science,Fall 2021,,3
COMS W 4995,10,"Gibson, Bryan",Elements For Data Science,Computer Science,Fall 2021,,3
COMS E 6998,14,"Levine, Michelle F",Empirical Methods Data Sc,Computer Science,Fall 2021,,3
COMS W 4995,3,"Yang, Junfeng",Engr Software As A Servic,Computer Science,Fall 2021,,3
COMS W 3136,1,"Paine, Timothy",ESSENTIAL DATA STRUCTURES IN C/C++,Computer Science,Fall 2021,,3
CSEE E 6863,1,"Theobald, Michael",Formal Verif HW SW Systems,Computer Science,Fall 2021,,3
COMS E 6998,3,"Gu, Ronghui",Formal Verification Syste,Computer Science,Fall 2021,,3
COMS E 6998,6,"Roughgarden, Tim",Foundations Of Blockchain,Computer Science,Fall 2021,,3
COMS E 6998,11,"Beigi, Homayoon",Fund Speech Recognition,Computer Science,Fall 2021,,3
CSEE W 3827,1,"Kim, Martha A",Fundamentals of Computer Systems,Computer Science,Fall 2021,,3
COMS W 4995,1,"Blaer, Paul S",Hacking 4 Defense,Computer Science,Fall 2021,,3
COMS w 4419,1,"Schulzrinne, Henning G","INTERNET TECHNOLOGY,ECONOMICS,AND POLICY",Computer Science,Fall 2021,,3
ENGI E 1006,1,"Bauer, Daniel",Intro To Comp For Eng/app,Computer Science,Fall 2021,,3
COMS W 4995,4,"Chaintreau, Augustin",Intro To Networks And Cro,Computer Science,Fall 2021,,3
COMS W 4252,1,"Servedio, Rocco A.",Introduction to Computational Learning Theory,Computer Science,Fall 2021,,3
COMS W 1004,1,"Blaer, Paul S",Introduction To Computer Science And Programming In Java,Computer Science,Fall 2021,,3
COMS W 4111,1,"Gravano, Luis",Introduction to Databases,Computer Science,Fall 2021,,3
COMS W 4111,2,"Ferguson, Donald F.",Introduction to Databases,Computer Science,Fall 2021,,3
COMS W 4111,3,"Biliris, Alexandros",Introduction to Databases,Computer Science,Fall 2021,,3
COMS W 1001,1,"Cannon, Adam H",Introduction to Information Science,Computer Science,Fall 2021,,3
COMS W 4995,5,"Pitassi, Toniann",Logic And Computability,Computer Science,Fall 2021,,3
COMS W 4771,1,"Verma, Nakul",Machine Learning,Computer Science,Fall 2021,,3
COMS W 4771,2,"Hsu, Daniel J",Machine Learning,Computer Science,Fall 2021,,3
COMS W 4186,1,"Sikorski, Michael",MALWARE ANALYSIS&REVERSE ENGINEERING,Computer Science,Fall 2021,,3
COMS W 4705,1,"McKeown, Kathleen",Natural Language Processing,Computer Science,Fall 2021,,3
COMS W 4705,2,"Benajiba, Yassine",Natural Language Processing,Computer Science,Fall 2021,,3
COMS W 4995,7,"Zemel, Richard",Neural Networks Deep Lear,Computer Science,Fall 2021,,3
COMS W 4118,1,"Lee, Jae Woo","Operating Systems, I",Computer Science,Fall 2021,,3
COMS W 4995,2,"Edwards, Stephen A.",Parallel Functional Progr,Computer Science,Fall 2021,,3
COMS E 6998,12,"Dube, Parijat",Pract Deep Learning Sys P,Computer Science,Fall 2021,,3
COMS W 4460,1,"Reinisch, William",Principles of Innovation and Entrepreneurship (co-instructor: William Reinisch),Computer Science,Fall 2021,,3
COMS W 4444,1,"Ross, Kenneth A",Programming and Problem Solving,Computer Science,Fall 2021,,3
COMS W 4115,1,"Ray, Baishakhi",Programming Languages and Translators,Computer Science,Fall 2021,,3
COMS W 4115,2,"Edwards, Stephen A.",Programming Languages and Translators,Computer Science,Fall 2021,,3
COMS E 6998,1,"Vondrick, Carl",Representation Learning,Computer Science,Fall 2021,,3
COMS W 4181,1,"Jana, Suman",Security I,Computer Science,Fall 2021,,3
COMS E 6998,7,"Yang, Junfeng",Security Robustness Ml Sy,Computer Science,Fall 2021,,3
COMS E 6998,10,"Wu, Eugene",Sys For Human Data Intera,Computer Science,Fall 2021,,3
CSEE W 4868,1,"Carloni, Luca",System-on-Chip Platforms,Computer Science,Fall 2021,,3
COMS E 6998,5,"Song, Shuran",Topics In Robotic Learnin,Computer Science,Fall 2021,,3
COMS E 6156,1,"Ferguson, Donald F.",Topics in Software Engineering,Computer Science,Fall 2021,,3
COMS W 4774,1,"Verma, Nakul",Unsupervised Learning,Computer Science,Fall 2021,,3
COMS W 4170,1,"Smith, Brian A",User Interface Design,Computer Science,Fall 2021,,3
COMS E 6998,4,"Feiner, Steven K",Virtual And Augmented Rea,Computer Science,Fall 2021,,3
BMEN E3020,1,"Elizabeth Hillman,Clark T Hung,Nandan L Nerurkar",BIOMEDICAL ENGINEERING II,Biomedical Engineering,Spring 2022,633 Seeley W. Mudd Building,3
BMEN E3820,1,"Aaron M Kyle,Clark T Hung,Barclay Morrison,Elisa Konofagou",BIOMEDICAL ENGINEERING LAB II,Biomedical Engineering,Spring 2022,382 Engineering Terrace,3
BMEN E3920,1,Qi Wang,BIOMEDICAL ENGIN DESIGN II,Biomedical Engineering,Spring 2022,750 Schapiro [SCEP],3
BMEN E3998,2,Tal Danino,PROJECTS IN BIOMEDICAL ENGIN,Biomedical Engineering,Spring 2022,,3
BMEN E3999,1,Lance Kam,UNDERGRADUATE FIELDWORK,Biomedical Engineering,Spring 2022,,3
BMEN E4000,1,John T Vaughan,SPECIAL TOPICS IN BIOMEDICAL,Biomedical Engineering,Spring 2022,343 Seeley W. Mudd Building,3
BMEN E4000,2,"Gordana Vunjak-Novakovic,Clark T Hung",SPECIAL TOPICS IN BIOMEDICAL,Biomedical Engineering,Spring 2022,140 Uris Hall,3
BMEN E4002,1,Barclay Morrison,QUANT PHYSIOLOGY II:ORGAN SYST,Biomedical Engineering,Spring 2022,833 Seeley W. Mudd Building,3
BMEN E4210,1,Samuel Sia,DRIVING FORCES OF BIOLOGICAL SYSTEMS,Biomedical Engineering,Spring 2022,627 Seeley W. Mudd Building,3
BMEN E4310,1,X. Edward Guo,SOLID BIOMECHANICS,Biomedical Engineering,Spring 2022,524 Seeley W. Mudd Building,3
BMEN E4410,1,Elisa Konofagou,PRIN OF ULTRASOUND IN MEDICINE,Biomedical Engineering,Spring 2022,420 Pupin Laboratories,3
BMEN E4420,1,Paul Sajda,SIGNAL MODELING,Biomedical Engineering,Spring 2022,410 International Affairs: Building,3
BMEN E4460,1,Jia Guo,DEEP LEARNING IN BIOMEDICAL IMAGING,Biomedical Engineering,Spring 2022,633 Seeley W. Mudd Building,3
BMEN E4480,1,Elham Azizi,STATISTICAL MACHINE LEARNING FOR GENOMIC,Biomedical Engineering,Spring 2022,633 Seeley W. Mudd Building,3
BMEN E4550,1,Lance Kam,MICRO/NANO STRUCT CELL ENG,Biomedical Engineering,Spring 2022,545 Seeley W. Mudd Building,3
BMEN E4999,1,Clark T Hung,FIELDWORK,Biomedical Engineering,Spring 2022,,3
BMEN E6001,1,Henry Hess,TOPICS IN BIOMED NANOTECHNOLOGY,Biomedical Engineering,Spring 2022,327 Seeley W. Mudd Building,3
BMEN E6003,1,"Jose Mcfaline-Figuero,Tal Danino,Elizabeth Olson,Elisa Konofagou",COMP MODELING-PHYSIOL SYSTEMS,Biomedical Engineering,Spring 2022,501 Northwest Corner Building,3
BMEN E6006,1,"Krista M Durney,Chirag Sachar",BIOMEDICAL DESIGN II,Biomedical Engineering,Spring 2022,825 Seeley W. Mudd Building,3
BMEN E6007,1,"Maria Rahmany,Dmytro Pokhylko",LAB-TO-MARKET,Biomedical Engineering,Spring 2022,,3
BMEN E6510,1,"Stephen H Tsang,Gordana Vunjak-Novakovic,Dietrich Egli","STEM CELL, GENOME ENG & REGEN MED",Biomedical Engineering,Spring 2022,OTHR,3
BMEN E9100,1,Gerard H Ateshian,MASTERS RESEARCH,Biomedical Engineering,Spring 2022,,2
BMEN E9700,1,"Joshua Jacobs,Elizabeth Olson",BIOMEDICAL ENGINEERING SEMINAR,Biomedical Engineering,Spring 2022,833 Seeley W. Mudd Building,3
